ABABA	ABAABAABAABA	ABABAABAAABAABABA	UUVVVVVVUVVVVVVUU	UUVVVVVUVVVVVVVUU
ABABA	ABAABAABAABAC	ABABAABAAABAABABAC	UUVVVVVVUVVVVVVUUV	UUVVVVVUVVVVVVVUUV
ABABA	CABAABAABAABA	CABABAABAAABAABABA	VUUVVVVVVUVVVVVVUU	VUUVVVVVUVVVVVVVUU
ABABA	ABAABAABAABACD	ABABAABAAABAABABACD	UUVVVVVVUVVVVVVUUVV	UUVVVVVUVVVVVVVUUVV
ABABA	CABAABAABAABAD	CABABAABAAABAABABAD	VUUVVVVVVUVVVVVVUUV	VUUVVVVVUVVVVVVVUUV
ABABA	CDABAABAABAABA	CDABABAABAAABAABABA	VVUUVVVVVVUVVVVVVUU	VVUUVVVVVUVVVVVVVUU
ABABA	ABAABAABAABACDE	ABABAABAAABAABABACDE	UUVVVVVVUVVVVVVUUVVV	UUVVVVVUVVVVVVVUUVVV
ABABA	ABAABAABAABAABA	ABABAABAAABAABAABABA	UUVVVVVVUVVVVVVVVVUU	UUVVVVVUVVVVVVVVVVUU
ABABA	ABAABAABAABAABA	ABABAABAABAAABAABABA	UUVVVVVVVVVUVVVVVVUU	UUVVVVVVVVUVVVVVVVUU
ABABA	CABAABAABAABADE	CABABAABAAABAABABADE	VUUVVVVVVUVVVVVVUUVV	VUUVVVVVUVVVVVVVUUVV
ABABA	CDABAABAABAABAE	CDABABAABAAABAABABAE	VVUUVVVVVVUVVVVVVUUV	VVUUVVVVVUVVVVVVVUUV
ABABA	CDEABAABAABAABA	CDEABABAABAAABAABABA	VVVUUVVVVVVUVVVVVVUU	VVVUUVVVVVUVVVVVVVUU
ABABA	ABAABAABAABACDEF	ABABAABAAABAABABACDEF	UUVVVVVVUVVVVVVUUVVVV	UUVVVVVUVVVVVVVUUVVVV
ABABA	ABAABAABAABAABAC	ABABAABAAABAABAABABAC	UUVVVVVVUVVVVVVVVVUUV	UUVVVVVUVVVVVVVVVVUUV
ABABA	ABAABAABAABAABAC	ABABAABAABAAABAABABAC	UUVVVVVVVVVUVVVVVVUUV	UUVVVVVVVVUVVVVVVVUUV
ABABA	CABAABAABAABADEF	CABABAABAAABAABABADEF	VUUVVVVVVUVVVVVVUUVVV	VUUVVVVVUVVVVVVVUUVVV
ABABA	CABAABAABAABAABA	CABABAABAAABAABAABABA	VUUVVVVVVUVVVVVVVVVUU	VUUVVVVVUVVVVVVVVVVUU
ABABA	CABAABAABAABAABA	CABABAABAABAAABAABABA	VUUVVVVVVVVVUVVVVVVUU	VUUVVVVVVVVUVVVVVVVUU
ABABA	CDABAABAABAABAEF	CDABABAABAAABAABABAEF	VVUUVVVVVVUVVVVVVUUVV	VVUUVVVVVUVVVVVVVUUVV
ABABA	CDEABAABAABAABAF	CDEABABAABAAABAABABAF	VVVUUVVVVVVUVVVVVVUUV	VVVUUVVVVVUVVVVVVVUUV
ABABA	CDEFABAABAABAABA	CDEFABABAABAAABAABABA	VVVVUUVVVVVVUVVVVVVUU	VVVVUUVVVVVUVVVVVVVUU
ABABA	ABAABAABAABACDEFG	ABABAABAAABAABABACDEFG	UUVVVVVVUVVVVVVUUVVVVV	UUVVVVVUVVVVVVVUUVVVVV
ABABA	ABAABAABAABAABABA	ABABAABAAABAABABAABABA	UUVVVVVVUVVVVVVUUVVVVV	UUVVVVVUVVVVVVVUUVVVVV
ABABA	ABAABAABAABAABACD	ABABAABAAABAABAABABACD	UUVVVVVVUVVVVVVVVVUUVV	UUVVVVVUVVVVVVVVVVUUVV
ABABA	ABAABAABAABAABACD	ABABAABAABAAABAABABACD	UUVVVVVVVVVUVVVVVVUUVV	UUVVVVVVVVUVVVVVVVUUVV
ABABA	CABAABAABAABADEFG	CABABAABAAABAABABADEFG	VUUVVVVVVUVVVVVVUUVVVV	VUUVVVVVUVVVVVVVUUVVVV
ABABA	CABAABAABAABAABAD	CABABAABAAABAABAABABAD	VUUVVVVVVUVVVVVVVVVUUV	VUUVVVVVUVVVVVVVVVVUUV
ABABA	CABAABAABAABAABAD	CABABAABAABAAABAABABAD	VUUVVVVVVVVVUVVVVVVUUV	VUUVVVVVVVVUVVVVVVVUUV
ABABA	CDABAABAABAABAEFG	CDABABAABAAABAABABAEFG	VVUUVVVVVVUVVVVVVUUVVV	VVUUVVVVVUVVVVVVVUUVVV
ABABA	CDABAABAABAABAABA	CDABABAABAAABAABAABABA	VVUUVVVVVVUVVVVVVVVVUU	VVUUVVVVVUVVVVVVVVVVUU
ABABA	CDABAABAABAABAABA	CDABABAABAABAAABAABABA	VVUUVVVVVVVVVUVVVVVVUU	VVUUVVVVVVVVUVVVVVVVUU
ABABA	CDEABAABAABAABAFG	CDEABABAABAAABAABABAFG	VVVUUVVVVVVUVVVVVVUUVV	VVVUUVVVVVUVVVVVVVUUVV
ABABA	CDEFABAABAABAABAG	CDEFABABAABAAABAABABAG	VVVVUUVVVVVVUVVVVVVUUV	VVVVUUVVVVVUVVVVVVVUUV
ABABA	ABABAABAABAABAABA	ABABAABABAABAAABAABABA	VVVVVUUVVVVVVUVVVVVVUU	VVVVVUUVVVVVUVVVVVVVUU
ABABA	CDEFGABAABAABAABA	CDEFGABABAABAAABAABABA	VVVVVUUVVVVVVUVVVVVVUU	VVVVVUUVVVVVUVVVVVVVUU
ABABA	ABAABAABAABACDEFGH	ABABAABAAABAABABACDEFGH	UUVVVVVVUVVVVVVUUVVVVVV	UUVVVVVUVVVVVVVUUVVVVVV
ABABA	ABAABAABAABAABABAC	ABABAABAAABAABABAABABAC	UUVVVVVVUVVVVVVUUVVVVVV	UUVVVVVUVVVVVVVUUVVVVVV
ABABA	ABAABAABAABAABACDE	ABABAABAAABAABAABABACDE	UUVVVVVVUVVVVVVVVVUUVVV	UUVVVVVUVVVVVVVVVVUUVVV
ABABA	ABAABAABAABAABAABA	ABABAABAAABAABAABAABABA	UUVVVVVVUVVVVVVVVVVVVUU	UUVVVVVUVVVVVVVVVVVVVUU
ABABA	ABAABAABAABAABACDE	ABABAABAABAAABAABABACDE	UUVVVVVVVVVUVVVVVVUUVVV	UUVVVVVVVVUVVVVVVVUUVVV
ABABA	ABAABAABAABAABAABA	ABABAABAABAAABAABAABABA	UUVVVVVVVVVUVVVVVVVVVUU	UUVVVVVVVVUVVVVVVVVVVUU
ABABA	ABAABAABAABAABAABA	ABABAABAABAABAAABAABABA	UUVVVVVVVVVVVVUVVVVVVUU	UUVVVVVVVVVVVUVVVVVVVUU
ABABA	CABAABAABAABADEFGH	CABABAABAAABAABABADEFGH	VUUVVVVVVUVVVVVVUUVVVVV	VUUVVVVVUVVVVVVVUUVVVVV
ABABA	CABAABAABAABAABABA	CABABAABAAABAABABAABABA	VUUVVVVVVUVVVVVVUUVVVVV	VUUVVVVVUVVVVVVVUUVVVVV
ABABA	CABAABAABAABAABADE	CABABAABAAABAABAABABADE	VUUVVVVVVUVVVVVVVVVUUVV	VUUVVVVVUVVVVVVVVVVUUVV
ABABA	CABAABAABAABAABADE	CABABAABAABAAABAABABADE	VUUVVVVVVVVVUVVVVVVUUVV	VUUVVVVVVVVUVVVVVVVUUVV
ABABA	CDABAABAABAABAEFGH	CDABABAABAAABAABABAEFGH	VVUUVVVVVVUVVVVVVUUVVVV	VVUUVVVVVUVVVVVVVUUVVVV
ABABA	CDABAABAABAABAABAE	CDABABAABAAABAABAABABAE	VVUUVVVVVVUVVVVVVVVVUUV	VVUUVVVVVUVVVVVVVVVVUUV
ABABA	CDABAABAABAABAABAE	CDABABAABAABAAABAABABAE	VVUUVVVVVVVVVUVVVVVVUUV	VVUUVVVVVVVVUVVVVVVVUUV
ABABA	CDEABAABAABAABAFGH	CDEABABAABAAABAABABAFGH	VVVUUVVVVVVUVVVVVVUUVVV	VVVUUVVVVVUVVVVVVVUUVVV
ABABA	CDEABAABAABAABAABA	CDEABABAABAAABAABAABABA	VVVUUVVVVVVUVVVVVVVVVUU	VVVUUVVVVVUVVVVVVVVVVUU
ABABA	CDEABAABAABAABAABA	CDEABABAABAABAAABAABABA	VVVUUVVVVVVVVVUVVVVVVUU	VVVUUVVVVVVVVUVVVVVVVUU
ABABA	CDEFABAABAABAABAGH	CDEFABABAABAAABAABABAGH	VVVVUUVVVVVVUVVVVVVUUVV	VVVVUUVVVVVUVVVVVVVUUVV
ABABA	ABABAABAABAABAABAC	ABABAABABAABAAABAABABAC	VVVVVUUVVVVVVUVVVVVVUUV	VVVVVUUVVVVVUVVVVVVVUUV
ABABA	CDEFGABAABAABAABAH	CDEFGABABAABAAABAABABAH	VVVVVUUVVVVVVUVVVVVVUUV	VVVVVUUVVVVVUVVVVVVVUUV
ABABA	CABABAABAABAABAABA	CABABAABABAABAAABAABABA	VVVVVVUUVVVVVVUVVVVVVUU	VVVVVVUUVVVVVUVVVVVVVUU
ABABA	CDEFGHABAABAABAABA	CDEFGHABABAABAAABAABABA	VVVVVVUUVVVVVVUVVVVVVUU	VVVVVVUUVVVVVUVVVVVVVUU
ABCABCA	ABCAABCAABCAABCA	ABCABCAABCAAABCAABCABCA	UUUVVVVVVVVUVVVVVVVVUUU	UUUVVVVVVVUVVVVVVVVVUUU
ABABAABA	ABAABAABAABAABA	ABABAABAAABAABAABABAABA	UUVVVVVVUVVVVVVVVVUUUUU	UUVVVVVUVVVVVVVVVVUUUUU
ABAABABA	ABAABAABAABAABA	ABAABABAABAABAAABAABABA	UUUUUVVVVVVVVVUVVVVVVUU	UUUUUVVVVVVVVUVVVVVVVUU
ABABA	ABAABAABAABACDEFGHI	ABABAABAAABAABABACDEFGHI	UUVVVVVVUVVVVVVUUVVVVVVV	UUVVVVVUVVVVVVVUUVVVVVVV
ABABA	ABAABAABAABAABABACD	ABABAABAAABAABABAABABACD	UUVVVVVVUVVVVVVUUVVVVVVV	UUVVVVVUVVVVVVVUUVVVVVVV
ABABA	ABAABAABAABAABACDEF	ABABAABAAABAABAABABACDEF	UUVVVVVVUVVVVVVVVVUUVVVV	UUVVVVVUVVVVVVVVVVUUVVVV
ABABA	ABAABAABAABAABAABAC	ABABAABAAABAABAABAABABAC	UUVVVVVVUVVVVVVVVVVVVUUV	UUVVVVVUVVVVVVVVVVVVVUUV
ABABA	ABAABAABAABAABACDEF	ABABAABAABAAABAABABACDEF	UUVVVVVVVVVUVVVVVVUUVVVV	UUVVVVVVVVUVVVVVVVUUVVVV
ABABA	ABAABAABAABAABAABAC	ABABAABAABAAABAABAABABAC	UUVVVVVVVVVUVVVVVVVVVUUV	UUVVVVVVVVUVVVVVVVVVVUUV
ABABA	ABAABAABAABAABAABAC	ABABAABAABAABAAABAABABAC	UUVVVVVVVVVVVVUVVVVVVUUV	UUVVVVVVVVVVVUVVVVVVVUUV
ABABA	CABAABAABAABADEFGHI	CABABAABAAABAABABADEFGHI	VUUVVVVVVUVVVVVVUUVVVVVV	VUUVVVVVUVVVVVVVUUVVVVVV
ABABA	CABAABAABAABAABABAD	CABABAABAAABAABABAABABAD	VUUVVVVVVUVVVVVVUUVVVVVV	VUUVVVVVUVVVVVVVUUVVVVVV
ABABA	CABAABAABAABAABADEF	CABABAABAAABAABAABABADEF	VUUVVVVVVUVVVVVVVVVUUVVV	VUUVVVVVUVVVVVVVVVVUUVVV
ABABA	CABAABAABAABAABAABA	CABABAABAAABAABAABAABABA	VUUVVVVVVUVVVVVVVVVVVVUU	VUUVVVVVUVVVVVVVVVVVVVUU
ABABA	CABAABAABAABAABADEF	CABABAABAABAAABAABABADEF	VUUVVVVVVVVVUVVVVVVUUVVV	VUUVVVVVVVVUVVVVVVVUUVVV
ABABA	CABAABAABAABAABAABA	CABABAABAABAAABAABAABABA	VUUVVVVVVVVVUVVVVVVVVVUU	VUUVVVVVVVVUVVVVVVVVVVUU
ABABA	CABAABAABAABAABAABA	CABABAABAABAABAAABAABABA	VUUVVVVVVVVVVVVUVVVVVVUU	VUUVVVVVVVVVVVUVVVVVVVUU
ABABA	CDABAABAABAABAEFGHI	CDABABAABAAABAABABAEFGHI	VVUUVVVVVVUVVVVVVUUVVVVV	VVUUVVVVVUVVVVVVVUUVVVVV
ABABA	CDABAABAABAABAABABA	CDABABAABAAABAABABAABABA	VVUUVVVVVVUVVVVVVUUVVVVV	VVUUVVVVVUVVVVVVVUUVVVVV
ABABA	CDABAABAABAABAABAEF	CDABABAABAAABAABAABABAEF	VVUUVVVVVVUVVVVVVVVVUUVV	VVUUVVVVVUVVVVVVVVVVUUVV
ABABA	CDABAABAABAABAABAEF	CDABABAABAABAAABAABABAEF	VVUUVVVVVVVVVUVVVVVVUUVV	VVUUVVVVVVVVUVVVVVVVUUVV
ABABA	CDEABAABAABAABAFGHI	CDEABABAABAAABAABABAFGHI	VVVUUVVVVVVUVVVVVVUUVVVV	VVVUUVVVVVUVVVVVVVUUVVVV
ABABA	CDEABAABAABAABAABAF	CDEABABAABAAABAABAABABAF	VVVUUVVVVVVUVVVVVVVVVUUV	VVVUUVVVVVUVVVVVVVVVVUUV
ABABA	CDEABAABAABAABAABAF	CDEABABAABAABAAABAABABAF	VVVUUVVVVVVVVVUVVVVVVUUV	VVVUUVVVVVVVVUVVVVVVVUUV
ABABA	CDEFABAABAABAABAGHI	CDEFABABAABAAABAABABAGHI	VVVVUUVVVVVVUVVVVVVUUVVV	VVVVUUVVVVVUVVVVVVVUUVVV
ABABA	CDEFABAABAABAABAABA	CDEFABABAABAAABAABAABABA	VVVVUUVVVVVVUVVVVVVVVVUU	VVVVUUVVVVVUVVVVVVVVVVUU
ABABA	CDEFABAABAABAABAABA	CDEFABABAABAABAAABAABABA	VVVVUUVVVVVVVVVUVVVVVVUU	VVVVUUVVVVVVVVUVVVVVVVUU
ABABA	ABABAABAABAABAABACD	ABABAABABAABAAABAABABACD	VVVVVUUVVVVVVUVVVVVVUUVV	VVVVVUUVVVVVUVVVVVVVUUVV
ABABA	CDEFGABAABAABAABAHI	CDEFGABABAABAAABAABABAHI	VVVVVUUVVVVVVUVVVVVVUUVV	VVVVVUUVVVVVUVVVVVVVUUVV
ABABA	CABABAABAABAABAABAD	CABABAABABAABAAABAABABAD	VVVVVVUUVVVVVVUVVVVVVUUV	VVVVVVUUVVVVVUVVVVVVVUUV
ABABA	CDEFGHABAABAABAABAI	CDEFGHABABAABAAABAABABAI	VVVVVVUUVVVVVVUVVVVVVUUV	VVVVVVUUVVVVVUVVVVVVVUUV
ABABA	CDABABAABAABAABAABA	CDABABAABABAABAAABAABABA	VVVVVVVUUVVVVVVUVVVVVVUU	VVVVVVVUUVVVVVUVVVVVVVUU
ABABA	CDEFGHIABAABAABAABA	CDEFGHIABABAABAAABAABABA	VVVVVVVUUVVVVVVUVVVVVVUU	VVVVVVVUUVVVVVUVVVVVVVUU
ABCABCA	ABCAABCAABCAABCAD	ABCABCAABCAAABCAABCABCAD	UUUVVVVVVVVUVVVVVVVVUUUV	UUUVVVVVVVUVVVVVVVVVUUUV
ABCABCA	DABCAABCAABCAABCA	DABCABCAABCAAABCAABCABCA	VUUUVVVVVVVVUVVVVVVVVUUU	VUUUVVVVVVVUVVVVVVVVVUUU
ABABAABA	ABAABAABAABAABAC	ABABAABAAABAABAABABAABAC	UUVVVVVVUVVVVVVVVVUUUUUV	UUVVVVVUVVVVVVVVVVUUUUUV
ABABAABA	CABAABAABAABAABA	CABABAABAAABAABAABABAABA	VUUVVVVVVUVVVVVVVVVUUUUU	VUUVVVVVUVVVVVVVVVVUUUUU
ABAABABA	ABAABAABAABAABAC	ABAABABAABAABAAABAABABAC	UUUUUVVVVVVVVVUVVVVVVUUV	UUUUUVVVVVVVVUVVVVVVVUUV
ABAABABA	CABAABAABAABAABA	CABAABABAABAABAAABAABABA	VUUUUUVVVVVVVVVUVVVVVVUU	VUUUUUVVVVVVVVUVVVVVVVUU
ABABA	ABAABAABAABACDEFGHIJ	ABABAABAAABAABABACDEFGHIJ	UUVVVVVVUVVVVVVUUVVVVVVVV	UUVVVVVUVVVVVVVUUVVVVVVVV
ABABA	ABAABAABAABAABABACDE	ABABAABAAABAABABAABABACDE	UUVVVVVVUVVVVVVUUVVVVVVVV	UUVVVVVUVVVVVVVUUVVVVVVVV
ABABA	ABAABAABAABAABACDEFG	ABABAABAAABAABAABABACDEFG	UUVVVVVVUVVVVVVVVVUUVVVVV	UUVVVVVUVVVVVVVVVVUUVVVVV
ABABA	ABAABAABAABAABAABABA	ABABAABAAABAABAABABAABABA	UUVVVVVVUVVVVVVVVVUUVVVVV	UUVVVVVUVVVVVVVVVVUUVVVVV
ABABA	ABAABAABAABAABAABACD	ABABAABAAABAABAABAABABACD	UUVVVVVVUVVVVVVVVVVVVUUVV	UUVVVVVUVVVVVVVVVVVVVUUVV
ABABA	ABAABAABAABAABACDEFG	ABABAABAABAAABAABABACDEFG	UUVVVVVVVVVUVVVVVVUUVVVVV	UUVVVVVVVVUVVVVVVVUUVVVVV
ABABA	ABAABAABAABAABAABABA	ABABAABAABAAABAABABAABABA	UUVVVVVVVVVUVVVVVVUUVVVVV	UUVVVVVVVVUVVVVVVVUUVVVVV
ABABA	ABAABAABAABAABAABACD	ABABAABAABAAABAABAABABACD	UUVVVVVVVVVUVVVVVVVVVUUVV	UUVVVVVVVVUVVVVVVVVVVUUVV
ABABA	ABAABAABAABAABAABACD	ABABAABAABAABAAABAABABACD	UUVVVVVVVVVVVVUVVVVVVUUVV	UUVVVVVVVVVVVUVVVVVVVUUVV
ABABA	CABAABAABAABADEFGHIJ	CABABAABAAABAABABADEFGHIJ	VUUVVVVVVUVVVVVVUUVVVVVVV	VUUVVVVVUVVVVVVVUUVVVVVVV
ABABA	CABAABAABAABAABABADE	CABABAABAAABAABABAABABADE	VUUVVVVVVUVVVVVVUUVVVVVVV	VUUVVVVVUVVVVVVVUUVVVVVVV
ABABA	CABAABAABAABAABADEFG	CABABAABAAABAABAABABADEFG	VUUVVVVVVUVVVVVVVVVUUVVVV	VUUVVVVVUVVVVVVVVVVUUVVVV
ABABA	CABAABAABAABAABAABAD	CABABAABAAABAABAABAABABAD	VUUVVVVVVUVVVVVVVVVVVVUUV	VUUVVVVVUVVVVVVVVVVVVVUUV
ABABA	CABAABAABAABAABADEFG	CABABAABAABAAABAABABADEFG	VUUVVVVVVVVVUVVVVVVUUVVVV	VUUVVVVVVVVUVVVVVVVUUVVVV
ABABA	CABAABAABAABAABAABAD	CABABAABAABAAABAABAABABAD	VUUVVVVVVVVVUVVVVVVVVVUUV	VUUVVVVVVVVUVVVVVVVVVVUUV
ABABA	CABAABAABAABAABAABAD	CABABAABAABAABAAABAABABAD	VUUVVVVVVVVVVVVUVVVVVVUUV	VUUVVVVVVVVVVVUVVVVVVVUUV
ABABA	CDABAABAABAABAEFGHIJ	CDABABAABAAABAABABAEFGHIJ	VVUUVVVVVVUVVVVVVUUVVVVVV	VVUUVVVVVUVVVVVVVUUVVVVVV
ABABA	CDABAABAABAABAABABAE	CDABABAABAAABAABABAABABAE	VVUUVVVVVVUVVVVVVUUVVVVVV	VVUUVVVVVUVVVVVVVUUVVVVVV
ABABA	CDABAABAABAABAABAEFG	CDABABAABAAABAABAABABAEFG	VVUUVVVVVVUVVVVVVVVVUUVVV	VVUUVVVVVUVVVVVVVVVVUUVVV
ABABA	CDABAABAABAABAABAABA	CDABABAABAAABAABAABAABABA	VVUUVVVVVVUVVVVVVVVVVVVUU	VVUUVVVVVUVVVVVVVVVVVVVUU
ABABA	CDABAABAABAABAABAEFG	CDABABAABAABAAABAABABAEFG	VVUUVVVVVVVVVUVVVVVVUUVVV	VVUUVVVVVVVVUVVVVVVVUUVVV
ABABA	CDABAABAABAABAABAABA	CDABABAABAABAAABAABAABABA	VVUUVVVVVVVVVUVVVVVVVVVUU	VVUUVVVVVVVVUVVVVVVVVVVUU
ABABA	CDABAABAABAABAABAABA	CDABABAABAABAABAAABAABABA	VVUUVVVVVVVVVVVVUVVVVVVUU	VVUUVVVVVVVVVVVUVVVVVVVUU
ABABA	CDEABAABAABAABAFGHIJ	CDEABABAABAAABAABABAFGHIJ	VVVUUVVVVVVUVVVVVVUUVVVVV	VVVUUVVVVVUVVVVVVVUUVVVVV
ABABA	CDEABAABAABAABAABABA	CDEABABAABAAABAABABAABABA	VVVUUVVVVVVUVVVVVVUUVVVVV	VVVUUVVVVVUVVVVVVVUUVVVVV
ABABA	CDEABAABAABAABAABAFG	CDEABABAABAAABAABAABABAFG	VVVUUVVVVVVUVVVVVVVVVUUVV	VVVUUVVVVVUVVVVVVVVVVUUVV
ABABA	CDEABAABAABAABAABAFG	CDEABABAABAABAAABAABABAFG	VVVUUVVVVVVVVVUVVVVVVUUVV	VVVUUVVVVVVVVUVVVVVVVUUVV
ABABA	CDEFABAABAABAABAGHIJ	CDEFABABAABAAABAABABAGHIJ	VVVVUUVVVVVVUVVVVVVUUVVVV	VVVVUUVVVVVUVVVVVVVUUVVVV
ABABA	CDEFABAABAABAABAABAG	CDEFABABAABAAABAABAABABAG	VVVVUUVVVVVVUVVVVVVVVVUUV	VVVVUUVVVVVUVVVVVVVVVVUUV
ABABA	CDEFABAABAABAABAABAG	CDEFABABAABAABAAABAABABAG	VVVVUUVVVVVVVVVUVVVVVVUUV	VVVVUUVVVVVVVVUVVVVVVVUUV
ABABA	ABABAABAABAABAABACDE	ABABAABABAABAAABAABABACDE	VVVVVUUVVVVVVUVVVVVVUUVVV	VVVVVUUVVVVVUVVVVVVVUUVVV
ABABA	CDEFGABAABAABAABAHIJ	CDEFGABABAABAAABAABABAHIJ	VVVVVUUVVVVVVUVVVVVVUUVVV	VVVVVUUVVVVVUVVVVVVVUUVVV
ABABA	ABABAABAABAABAABAABA	ABABAABABAABAAABAABAABABA	VVVVVUUVVVVVVUVVVVVVVVVUU	VVVVVUUVVVVVUVVVVVVVVVVUU
ABABA	CDEFGABAABAABAABAABA	CDEFGABABAABAAABAABAABABA	VVVVVUUVVVVVVUVVVVVVVVVUU	VVVVVUUVVVVVUVVVVVVVVVVUU
ABABA	ABABAABAABAABAABAABA	ABABAABABAABAABAAABAABABA	VVVVVUUVVVVVVVVVUVVVVVVUU	VVVVVUUVVVVVVVVUVVVVVVVUU
ABABA	CDEFGABAABAABAABAABA	CDEFGABABAABAABAAABAABABA	VVVVVUUVVVVVVVVVUVVVVVVUU	VVVVVUUVVVVVVVVUVVVVVVVUU
ABABA	CABABAABAABAABAABADE	CABABAABABAABAAABAABABADE	VVVVVVUUVVVVVVUVVVVVVUUVV	VVVVVVUUVVVVVUVVVVVVVUUVV
ABABA	CDEFGHABAABAABAABAIJ	CDEFGHABABAABAAABAABABAIJ	VVVVVVUUVVVVVVUVVVVVVUUVV	VVVVVVUUVVVVVUVVVVVVVUUVV
ABABA	CDABABAABAABAABAABAE	CDABABAABABAABAAABAABABAE	VVVVVVVUUVVVVVVUVVVVVVUUV	VVVVVVVUUVVVVVUVVVVVVVUUV
ABABA	CDEFGHIABAABAABAABAJ	CDEFGHIABABAABAAABAABABAJ	VVVVVVVUUVVVVVVUVVVVVVUUV	VVVVVVVUUVVVVVUVVVVVVVUUV
ABABA	CDEABABAABAABAABAABA	CDEABABAABABAABAAABAABABA	VVVVVVVVUUVVVVVVUVVVVVVUU	VVVVVVVVUUVVVVVUVVVVVVVUU
ABABA	CDEFGHIJABAABAABAABA	CDEFGHIJABABAABAAABAABABA	VVVVVVVVUUVVVVVVUVVVVVVUU	VVVVVVVVUUVVVVVUVVVVVVVUU
ABCABCA	ABCAABCAABCAABCADE	ABCABCAABCAAABCAABCABCADE	UUUVVVVVVVVUVVVVVVVVUUUVV	UUUVVVVVVVUVVVVVVVVVUUUVV
ABCABCA	DABCAABCAABCAABCAE	DABCABCAABCAAABCAABCABCAE	VUUUVVVVVVVVUVVVVVVVVUUUV	VUUUVVVVVVVUVVVVVVVVVUUUV
ABCABCA	DEABCAABCAABCAABCA	DEABCABCAABCAAABCAABCABCA	VVUUUVVVVVVVVUVVVVVVVVUUU	VVUUUVVVVVVVUVVVVVVVVVUUU
ABABAABA	ABAABAABAABAABACD	ABABAABAAABAABAABABAABACD	UUVVVVVVUVVVVVVVVVUUUUUVV	UUVVVVVUVVVVVVVVVVUUUUUVV
ABABAABA	CABAABAABAABAABAD	CABABAABAAABAABAABABAABAD	VUUVVVVVVUVVVVVVVVVUUUUUV	VUUVVVVVUVVVVVVVVVVUUUUUV
ABABAABA	CDABAABAABAABAABA	CDABABAABAAABAABAABABAABA	VVUUVVVVVVUVVVVVVVVVUUUUU	VVUUVVVVVUVVVVVVVVVVUUUUU
ABAABABA	ABAABAABAABAABACD	ABAABABAABAABAAABAABABACD	UUUUUVVVVVVVVVUVVVVVVUUVV	UUUUUVVVVVVVVUVVVVVVVUUVV
ABAABABA	CABAABAABAABAABAD	CABAABABAABAABAAABAABABAD	VUUUUUVVVVVVVVVUVVVVVVUUV	VUUUUUVVVVVVVVUVVVVVVVUUV
ABAABABA	CDABAABAABAABAABA	CDABAABABAABAABAAABAABABA	VVUUUUUVVVVVVVVVUVVVVVVUU	VVUUUUUVVVVVVVVUVVVVVVVUU
ABABA	ABAABAABAABACDEFGHIJK	ABABAABAAABAABABACDEFGHIJK	UUVVVVVVUVVVVVVUUVVVVVVVVV	UUVVVVVUVVVVVVVUUVVVVVVVVV
ABABA	ABAABAABAABAABABACDEF	ABABAABAAABAABABAABABACDEF	UUVVVVVVUVVVVVVUUVVVVVVVVV	UUVVVVVUVVVVVVVUUVVVVVVVVV
ABABA	ABAABAABAABAABACDEFGH	ABABAABAAABAABAABABACDEFGH	UUVVVVVVUVVVVVVVVVUUVVVVVV	UUVVVVVUVVVVVVVVVVUUVVVVVV
ABABA	ABAABAABAABAABAABABAC	ABABAABAAABAABAABABAABABAC	UUVVVVVVUVVVVVVVVVUUVVVVVV	UUVVVVVUVVVVVVVVVVUUVVVVVV
ABABA	ABAABAABAABAABAABACDE	ABABAABAAABAABAABAABABACDE	UUVVVVVVUVVVVVVVVVVVVUUVVV	UUVVVVVUVVVVVVVVVVVVVUUVVV
ABABA	ABAABAABAABAABAABAABA	ABABAABAAABAABAABAABAABABA	UUVVVVVVUVVVVVVVVVVVVVVVUU	UUVVVVVUVVVVVVVVVVVVVVVVUU
ABABA	ABAABAABAABAABACDEFGH	ABABAABAABAAABAABABACDEFGH	UUVVVVVVVVVUVVVVVVUUVVVVVV	UUVVVVVVVVUVVVVVVVUUVVVVVV
ABABA	ABAABAABAABAABAABABAC	ABABAABAABAAABAABABAABABAC	UUVVVVVVVVVUVVVVVVUUVVVVVV	UUVVVVVVVVUVVVVVVVUUVVVVVV
ABABA	ABAABAABAABAABAABACDE	ABABAABAABAAABAABAABABACDE	UUVVVVVVVVVUVVVVVVVVVUUVVV	UUVVVVVVVVUVVVVVVVVVVUUVVV
ABABA	ABAABAABAABAABAABAABA	ABABAABAABAAABAABAABAABABA	UUVVVVVVVVVUVVVVVVVVVVVVUU	UUVVVVVVVVUVVVVVVVVVVVVVUU
ABABA	ABAABAABAABAABAABACDE	ABABAABAABAABAAABAABABACDE	UUVVVVVVVVVVVVUVVVVVVUUVVV	UUVVVVVVVVVVVUVVVVVVVUUVVV
ABABA	ABAABAABAABAABAABAABA	ABABAABAABAABAAABAABAABABA	UUVVVVVVVVVVVVUVVVVVVVVVUU	UUVVVVVVVVVVVUVVVVVVVVVVUU
ABABA	ABAABAABAABAABAABAABA	ABABAABAABAABAABAAABAABABA	UUVVVVVVVVVVVVVVVUVVVVVVUU	UUVVVVVVVVVVVVVVUVVVVVVVUU
ABABA	CABAABAABAABADEFGHIJK	CABABAABAAABAABABADEFGHIJK	VUUVVVVVVUVVVVVVUUVVVVVVVV	VUUVVVVVUVVVVVVVUUVVVVVVVV
ABABA	CABAABAABAABAABABADEF	CABABAABAAABAABABAABABADEF	VUUVVVVVVUVVVVVVUUVVVVVVVV	VUUVVVVVUVVVVVVVUUVVVVVVVV
ABABA	CABAABAABAABAABADEFGH	CABABAABAAABAABAABABADEFGH	VUUVVVVVVUVVVVVVVVVUUVVVVV	VUUVVVVVUVVVVVVVVVVUUVVVVV
ABABA	CABAABAABAABAABAABABA	CABABAABAAABAABAABABAABABA	VUUVVVVVVUVVVVVVVVVUUVVVVV	VUUVVVVVUVVVVVVVVVVUUVVVVV
ABABA	CABAABAABAABAABAABADE	CABABAABAAABAABAABAABABADE	VUUVVVVVVUVVVVVVVVVVVVUUVV	VUUVVVVVUVVVVVVVVVVVVVUUVV
ABABA	CABAABAABAABAABADEFGH	CABABAABAABAAABAABABADEFGH	VUUVVVVVVVVVUVVVVVVUUVVVVV	VUUVVVVVVVVUVVVVVVVUUVVVVV
ABABA	CABAABAABAABAABAABABA	CABABAABAABAAABAABABAABABA	VUUVVVVVVVVVUVVVVVVUUVVVVV	VUUVVVVVVVVUVVVVVVVUUVVVVV
ABABA	CABAABAABAABAABAABADE	CABABAABAABAAABAABAABABADE	VUUVVVVVVVVVUVVVVVVVVVUUVV	VUUVVVVVVVVUVVVVVVVVVVUUVV
ABABA	CABAABAABAABAABAABADE	CABABAABAABAABAAABAABABADE	VUUVVVVVVVVVVVVUVVVVVVUUVV	VUUVVVVVVVVVVVUVVVVVVVUUVV
ABABA	CDABAABAABAABAEFGHIJK	CDABABAABAAABAABABAEFGHIJK	VVUUVVVVVVUVVVVVVUUVVVVVVV	VVUUVVVVVUVVVVVVVUUVVVVVVV
ABABA	CDABAABAABAABAABABAEF	CDABABAABAAABAABABAABABAEF	VVUUVVVVVVUVVVVVVUUVVVVVVV	VVUUVVVVVUVVVVVVVUUVVVVVVV
ABABA	CDABAABAABAABAABAEFGH	CDABABAABAAABAABAABABAEFGH	VVUUVVVVVVUVVVVVVVVVUUVVVV	VVUUVVVVVUVVVVVVVVVVUUVVVV
ABABA	CDABAABAABAABAABAABAE	CDABABAABAAABAABAABAABABAE	VVUUVVVVVVUVVVVVVVVVVVVUUV	VVUUVVVVVUVVVVVVVVVVVVVUUV
ABABA	CDABAABAABAABAABAEFGH	CDABABAABAABAAABAABABAEFGH	VVUUVVVVVVVVVUVVVVVVUUVVVV	VVUUVVVVVVVVUVVVVVVVUUVVVV
ABABA	CDABAABAABAABAABAABAE	CDABABAABAABAAABAABAABABAE	VVUUVVVVVVVVVUVVVVVVVVVUUV	VVUUVVVVVVVVUVVVVVVVVVVUUV
ABABA	CDABAABAABAABAABAABAE	CDABABAABAABAABAAABAABABAE	VVUUVVVVVVVVVVVVUVVVVVVUUV	VVUUVVVVVVVVVVVUVVVVVVVUUV
ABABA	CDEABAABAABAABAFGHIJK	CDEABABAABAAABAABABAFGHIJK	VVVUUVVVVVVUVVVVVVUUVVVVVV	VVVUUVVVVVUVVVVVVVUUVVVVVV
ABABA	CDEABAABAABAABAABABAF	CDEABABAABAAABAABABAABABAF	VVVUUVVVVVVUVVVVVVUUVVVVVV	VVVUUVVVVVUVVVVVVVUUVVVVVV
ABABA	CDEABAABAABAABAABAFGH	CDEABABAABAAABAABAABABAFGH	VVVUUVVVVVVUVVVVVVVVVUUVVV	VVVUUVVVVVUVVVVVVVVVVUUVVV
ABABA	CDEABAABAABAABAABAABA	CDEABABAABAAABAABAABAABABA	VVVUUVVVVVVUVVVVVVVVVVVVUU	VVVUUVVVVVUVVVVVVVVVVVVVUU
ABABA	CDEABAABAABAABAABAFGH	CDEABABAABAABAAABAABABAFGH	VVVUUVVVVVVVVVUVVVVVVUUVVV	VVVUUVVVVVVVVUVVVVVVVUUVVV
ABABA	CDEABAABAABAABAABAABA	CDEABABAABAABAAABAABAABABA	VVVUUVVVVVVVVVUVVVVVVVVVUU	VVVUUVVVVVVVVUVVVVVVVVVVUU
ABABA	CDEABAABAABAABAABAABA	CDEABABAABAABAABAAABAABABA	VVVUUVVVVVVVVVVVVUVVVVVVUU	VVVUUVVVVVVVVVVVUVVVVVVVUU
ABABA	CDEFABAABAABAABAGHIJK	CDEFABABAABAAABAABABAGHIJK	VVVVUUVVVVVVUVVVVVVUUVVVVV	VVVVUUVVVVVUVVVVVVVUUVVVVV
ABABA	CDEFABAABAABAABAABABA	CDEFABABAABAAABAABABAABABA	VVVVUUVVVVVVUVVVVVVUUVVVVV	VVVVUUVVVVVUVVVVVVVUUVVVVV
ABABA	CDEFABAABAABAABAABAGH	CDEFABABAABAAABAABAABABAGH	VVVVUUVVVVVVUVVVVVVVVVUUVV	VVVVUUVVVVVUVVVVVVVVVVUUVV
ABABA	CDEFABAABAABAABAABAGH	CDEFABABAABAABAAABAABABAGH	VVVVUUVVVVVVVVVUVVVVVVUUVV	VVVVUUVVVVVVVVUVVVVVVVUUVV
ABABA	ABABAABAABAABAABACDEF	ABABAABABAABAAABAABABACDEF	VVVVVUUVVVVVVUVVVVVVUUVVVV	VVVVVUUVVVVVUVVVVVVVUUVVVV
ABABA	CDEFGABAABAABAABAHIJK	CDEFGABABAABAAABAABABAHIJK	VVVVVUUVVVVVVUVVVVVVUUVVVV	VVVVVUUVVVVVUVVVVVVVUUVVVV
ABABA	ABABAABAABAABAABAABAC	ABABAABABAABAAABAABAABABAC	VVVVVUUVVVVVVUVVVVVVVVVUUV	VVVVVUUVVVVVUVVVVVVVVVVUUV
ABABA	CDEFGABAABAABAABAABAH	CDEFGABABAABAAABAABAABABAH	VVVVVUUVVVVVVUVVVVVVVVVUUV	VVVVVUUVVVVVUVVVVVVVVVVUUV
ABABA	ABABAABAABAABAABAABAC	ABABAABABAABAABAAABAABABAC	VVVVVUUVVVVVVVVVUVVVVVVUUV	VVVVVUUVVVVVVVVUVVVVVVVUUV
ABABA	CDEFGABAABAABAABAABAH	CDEFGABABAABAABAAABAABABAH	VVVVVUUVVVVVVVVVUVVVVVVUUV	VVVVVUUVVVVVVVVUVVVVVVVUUV
ABABA	CABABAABAABAABAABADEF	CABABAABABAABAAABAABABADEF	VVVVVVUUVVVVVVUVVVVVVUUVVV	VVVVVVUUVVVVVUVVVVVVVUUVVV
ABABA	CDEFGHABAABAABAABAIJK	CDEFGHABABAABAAABAABABAIJK	VVVVVVUUVVVVVVUVVVVVVUUVVV	VVVVVVUUVVVVVUVVVVVVVUUVVV
ABABA	CABABAABAABAABAABAABA	CABABAABABAABAAABAABAABABA	VVVVVVUUVVVVVVUVVVVVVVVVUU	VVVVVVUUVVVVVUVVVVVVVVVVUU
ABABA	CDEFGHABAABAABAABAABA	CDEFGHABABAABAAABAABAABABA	VVVVVVUUVVVVVVUVVVVVVVVVUU	VVVVVVUUVVVVVUVVVVVVVVVVUU
ABABA	CABABAABAABAABAABAABA	CABABAABABAABAABAAABAABABA	VVVVVVUUVVVVVVVVVUVVVVVVUU	VVVVVVUUVVVVVVVVUVVVVVVVUU
ABABA	CDEFGHABAABAABAABAABA	CDEFGHABABAABAABAAABAABABA	VVVVVVUUVVVVVVVVVUVVVVVVUU	VVVVVVUUVVVVVVVVUVVVVVVVUU
ABABA	CDABABAABAABAABAABAEF	CDABABAABABAABAAABAABABAEF	VVVVVVVUUVVVVVVUVVVVVVUUVV	VVVVVVVUUVVVVVUVVVVVVVUUVV
ABABA	CDEFGHIABAABAABAABAJK	CDEFGHIABABAABAAABAABABAJK	VVVVVVVUUVVVVVVUVVVVVVUUVV	VVVVVVVUUVVVVVUVVVVVVVUUVV
ABABA	CDEABABAABAABAABAABAF	CDEABABAABABAABAAABAABABAF	VVVVVVVVUUVVVVVVUVVVVVVUUV	VVVVVVVVUUVVVVVUVVVVVVVUUV
ABABA	CDEFGHIJABAABAABAABAK	CDEFGHIJABABAABAAABAABABAK	VVVVVVVVUUVVVVVVUVVVVVVUUV	VVVVVVVVUUVVVVVUVVVVVVVUUV
ABABA	CDEFABABAABAABAABAABA	CDEFABABAABABAABAAABAABABA	VVVVVVVVVUUVVVVVVUVVVVVVUU	VVVVVVVVVUUVVVVVUVVVVVVVUU
ABABA	CDEFGHIJKABAABAABAABA	CDEFGHIJKABABAABAAABAABABA	VVVVVVVVVUUVVVVVVUVVVVVVUU	VVVVVVVVVUUVVVVVUVVVVVVVUU
ABCABCA	ABCAABCAABCAABCADEF	ABCABCAABCAAABCAABCABCADEF	UUUVVVVVVVVUVVVVVVVVUUUVVV	UUUVVVVVVVUVVVVVVVVVUUUVVV
ABCABCA	DABCAABCAABCAABCAEF	DABCABCAABCAAABCAABCABCAEF	VUUUVVVVVVVVUVVVVVVVVUUUVV	VUUUVVVVVVVUVVVVVVVVVUUUVV
ABCABCA	DEABCAABCAABCAABCAF	DEABCABCAABCAAABCAABCABCAF	VVUUUVVVVVVVVUVVVVVVVVUUUV	VVUUUVVVVVVVUVVVVVVVVVUUUV
ABCABCA	DEFABCAABCAABCAABCA	DEFABCABCAABCAAABCAABCABCA	VVVUUUVVVVVVVVUVVVVVVVVUUU	VVVUUUVVVVVVVUVVVVVVVVVUUU
ABABAABA	ABAABAABAABAABACDE	ABABAABAAABAABAABABAABACDE	UUVVVVVVUVVVVVVVVVUUUUUVVV	UUVVVVVUVVVVVVVVVVUUUUUVVV
ABABAABA	ABAABAABAABAABAABA	ABABAABAAABAABAABAABABAABA	UUVVVVVVUVVVVVVVVVVVVUUUUU	UUVVVVVUVVVVVVVVVVVVVUUUUU
ABABAABA	ABAABAABAABAABAABA	ABABAABAABAAABAABAABABAABA	UUVVVVVVVVVUVVVVVVVVVUUUUU	UUVVVVVVVVUVVVVVVVVVVUUUUU
ABABAABA	CABAABAABAABAABADE	CABABAABAAABAABAABABAABADE	VUUVVVVVVUVVVVVVVVVUUUUUVV	VUUVVVVVUVVVVVVVVVVUUUUUVV
ABABAABA	CDABAABAABAABAABAE	CDABABAABAAABAABAABABAABAE	VVUUVVVVVVUVVVVVVVVVUUUUUV	VVUUVVVVVUVVVVVVVVVVUUUUUV
ABABAABA	CDEABAABAABAABAABA	CDEABABAABAAABAABAABABAABA	VVVUUVVVVVVUVVVVVVVVVUUUUU	VVVUUVVVVVUVVVVVVVVVVUUUUU
ABAABABA	ABAABAABAABAABACDE	ABAABABAABAABAAABAABABACDE	UUUUUVVVVVVVVVUVVVVVVUUVVV	UUUUUVVVVVVVVUVVVVVVVUUVVV
ABAABABA	ABAABAABAABAABAABA	ABAABABAABAABAAABAABAABABA	UUUUUVVVVVVVVVUVVVVVVVVVUU	UUUUUVVVVVVVVUVVVVVVVVVVUU
ABAABABA	ABAABAABAABAABAABA	ABAABABAABAABAABAAABAABABA	UUUUUVVVVVVVVVVVVUVVVVVVUU	UUUUUVVVVVVVVVVVUVVVVVVVUU
ABAABABA	CABAABAABAABAABADE	CABAABABAABAABAAABAABABADE	VUUUUUVVVVVVVVVUVVVVVVUUVV	VUUUUUVVVVVVVVUVVVVVVVUUVV
ABAABABA	CDABAABAABAABAABAE	CDABAABABAABAABAAABAABABAE	VVUUUUUVVVVVVVVVUVVVVVVUUV	VVUUUUUVVVVVVVVUVVVVVVVUUV
ABAABABA	CDEABAABAABAABAABA	CDEABAABABAABAABAAABAABABA	VVVUUUUUVVVVVVVVVUVVVVVVUU	VVVUUUUUVVVVVVVVUVVVVVVVUU
